bert,hashtags,tweet_id,media,links,domains,type,language,timestamp,EWUF_user_id,EWUF_follower_count,EWUF_following_count,EWUF_verified,EWUF_account_creation,EUF_user_id,EUF_follower_count,EUF_following_count,EUF_verified,EUF_account_creation,engagee_follows_engager,replay_timestamp,retweet_timestamp,retweet_comment_timestamp,like_timestamp,EUF_num_users,EUF_f01_replay,EUF_f01_retweet,EUF_f01_retweet_comment,EUF_f01_like,EWUF_num_users,EWUF_f01_replay,EWUF_f01_retweet,EWUF_f01_retweet_comment,EWUF_f01_like,engagedRTWC,engagedLIKE,engagedREPLAY,engagedRTW,num_lang_react
101	17101	11340	106	108	20511	10107	108	11940	13207	10253	108	53121	13207	10253	119	14539	10336	10155	11641	10113	14120	131	120	120	188	119	11170	120	140	10686	11281	21428	11565	11011	11703	10305	11369	102,5C7B70D5475D0540BCEF25B9123A5EEB	3BF7D9D7C02E82D096A0ED2B5DA8821D	F535D65CDBAA7D7053264CC492C39D0D,D9C4AFB1F636631A3AAEA648EF07CAA3,Photo,,,TopLevel,D3164C7FBCF2565DDF915B1B3AEFB1DC,1581305420,BBEF2DDBDB76958456B6D45AF2717F02,2455,1,False,1545096399,CA56026AB19D576BD33E0673968F3E4C,8,328,False,1526948668,False,,,,,1.0,0.0,0.0,0.0,0.0,2.0,0.0,0.5,0.0,0.5,0,0,0,0,1
101	20452	14956	10162	146	73338	31237	146	11850	10957	10380	13172	102,,DBF06636A5432A54574094323E27A795,,,,Quote,D3164C7FBCF2565DDF915B1B3AEFB1DC,1581305201,44E28CFD795902469D057B8B6A978815,12820,196,False,1237217140,01D9D5D728F62D575BBF588817A807D5,7,16,False,1542402534,False,,,,,67.0,0.01492537313432836,0.11940298507462685,0.0,0.4029850746268657,2.0,0.0,0.0,0.0,0.0,0,0,0,0,0
101	56898	137	23005	11747	52465	11142	31002	131	10266	10380	101003	10108	49462	10305	100	102,,4E89D50B54A56EBAA145D1FCAD4382DF,,,,Retweet,D3164C7FBCF2565DDF915B1B3AEFB1DC,1581306759,2F039910DD8516B60FD6E3353F7FA8CC,1227,932,False,1474017125,4E3D550DF0FDA1649AB2606098906D18,92,209,False,1562716990,True,,,,,3.0,0.0,0.0,0.0,0.3333333333333333,,,,,,0,0,0,0,0
101	56898	137	42780	26122	18237	10165	10129	131	10105	42230	14488	10491	29079	22464	27521	10134	96622	10111	29815	119	108	10233	100	14120	131	120	120	188	119	11170	120	127	11703	11305	15417	11166	11281	12022	10129	10738	11403	102,,B115B2C9787A8A0293B5BDFA240CFF6E,Photo	Photo	Photo	Photo,,,Retweet,D3164C7FBCF2565DDF915B1B3AEFB1DC,1581306062,2EC602C7C81B4267C8D4322880A3056E,406,308,False,1423775353,2B641CE67EAEC3E1744FCCE9492F543F,121,104,False,1508015510,True,,,,,2.0,0.0,0.0,0.0,0.0,3.0,0.0,0.0,0.0,0.3333333333333333,0,0,0,0,1
101	56898	137	42492	101764	18180	14497	10138	131	10124	10189	10472	12820	14170	18247	102,,EF5A87796FF3E2A383E4D32BBD43D17A,,,,Retweet,D3164C7FBCF2565DDF915B1B3AEFB1DC,1581305205,A0937655D5D26D4A867F450C27126543,18018,5482,False,1249263355,E277ED64C8DF8A2280B327EFFF22D912,162,857,False,1445723862,False,,,,,203.0,0.0049261083743842365,0.059113300492610835,0.014778325123152709,0.3251231527093596,2.0,0.0,0.0,0.0,0.0,0,0,0,0,0
101	177	10392	10380	54214	10142	10957	102,,BFE4143A9D8DF47DD7B1F6FE6CDE703E,,,,Quote,D3164C7FBCF2565DDF915B1B3AEFB1DC,1581306948,A353A2711E02203BED533BF572010166,119332,1622,False,1433712662,19498A4A405AB3626B1ED8F084F9078F,218,206,False,1542568616,False,,,,,949.0,0.002107481559536354,0.09378292939936776,0.002107481559536354,0.3782929399367755,3.0,0.0,0.0,0.0,0.0,0,0,0,0,0
101	56898	137	45844	92710	10908	15938	11210	131	107	177	16938	112	188	10529	169	40564	22277	94650	107	117	30181	10944	112	188	54399	10588	102,,A40746A509E7C59D1AB69D8262AEA158,,,,Retweet,D3164C7FBCF2565DDF915B1B3AEFB1DC,1581304769,10949AAA098551E834A5032B924D7EDB,1416,180,False,1548384577,2F8791D5AE98C122E3219D467D15CF96,8,82,False,1570633392,False,,,,,63.0,0.0,0.3492063492063492,0.015873015873015872,0.8253968253968254,5.0,0.0,0.0,0.0,0.4,0,0,0,0,1
101	26842	21997	10124	10380	19118	119	10882	169	10879	10162	11951	10894	12820	10347	11850	117	100	21528	10114	12253	37836	136	100	11059	11951	10894	18939	10341	11345	119	146	10392	10380	71841	10162	10108	18939	16357	119	102,,C0E21C8BBABD18CA65E1E8AEC852C90F,,,,TopLevel,D3164C7FBCF2565DDF915B1B3AEFB1DC,1581306387,2DD95AA66BEDC8BD85D7515A62516959,172,157,False,1479416102,902CF896409F164DB1C245B24E8539D8,100,86,False,1375882968,True,,,,,,,,,,2.0,0.0,0.0,0.0,0.5,0,0,0,0,1
101	10747	10124	31237	193	100	10435	15329	10105	11135	65038	10113	20399	102,,35A0F56B5BB8C3A8353890DDED95A1C1,,,,Quote,D3164C7FBCF2565DDF915B1B3AEFB1DC,1581305690,4244B721E63AC8695CECC1243C22A4B3,10978,1835,False,1333116600,AAB013E038C1BB31E599DB6CC426B573,356,310,False,1350818877,False,,,,,183.0,0.0,0.06557377049180327,0.01092896174863388,0.2622950819672132,6.0,0.0,0.16666666666666666,0.0,0.8333333333333334,0,0,0,0,5
101	56898	137	41163	32631	11130	14084	91147	10929	131	146	11250	10112	10114	60041	69838	10473	119	119	119	14120	131	120	120	188	119	11170	120	162	10874	13966	11011	10575	10162	11369	19951	10858	102,,5B778F7A54093D44BDD2F685893D202E,Photo,,,Retweet,D3164C7FBCF2565DDF915B1B3AEFB1DC,1581306975,5B3E403101009641F54679F94F05F6CF,865,502,False,1177772163,D3B12FCA68C097A873E18A700CA7D7C8,132,871,False,1334779636,False,,,,1581307511.0,33.0,0.030303030303030307,0.18181818181818185,0.030303030303030307,0.6363636363636364,10.0,0.0,0.0,0.0,0.7,0,1,0,0,6
101	56898	137	23292	32295	54055	11305	10884	131	23329	61660	10908	14204	117	10105	33837	11357	28919	19528	10105	12286	10111	11948	16080	12356	38106	10114	31214	10136	17587	10146	10105	56108	30511	100	102,,87624C73B322A5CD53972AF22BE6208B,,,,Retweet,D3164C7FBCF2565DDF915B1B3AEFB1DC,1581305437,86E42D0072E9C68FD49FA39A5EB9B091,2230,1005,False,1238254666,BF24B1161E297DA25A6F03A6D9669133,1338,556,False,1236098654,True,,,,1581315903.0,1.0,0.0,0.0,0.0,1.0,2.0,0.0,0.0,0.0,0.0,0,0,0,0,0
101	16423	16081	102,,A148D57C126BD6096658A0B8EC387BC4,,,,Quote,D3164C7FBCF2565DDF915B1B3AEFB1DC,1581306528,5306C219C2EA9DC844CE19F3EC279279,1215,806,False,1506711734,3F481740F80E4CCDCF9351F52F6FC928,103,124,False,1364681960,True,,,,1581352790.0,5.0,0.0,0.0,0.0,0.4,6.0,0.0,0.0,0.0,0.3333333333333333,0,0,0,0,2
101	56898	137	148	42031	15417	69849	11733	14703	12022	168	157	12396	131	164	100	166	146	11447	10272	10729	11373	131	193	10240	168	11617	88667	168	14731	53197	36382	29833	119	119	9309	119265	11287	77884	113	42451	28844	114	80468	109845	42622	30696	100230	11259	143	38850	11517	80645	50183	71020	30118	119	119	1427	33178	80275	22123	30011	79790	89969	76562	31256	22598	146	100	181	42451	140	10129	100	102,,FC495608352DABDA1536C8C7056843BE,,,,Retweet,D3164C7FBCF2565DDF915B1B3AEFB1DC,1581304355,D59AEBEE954752D3361BC63B43E84F60,861,118,False,1370436750,4A343FCBE564C4B81432A202EA4B8B7F,2,216,False,1539440748,False,,,,,9.0,0.0,0.4444444444444444,0.0,0.2222222222222222,4.0,0.0,0.0,0.0,0.0,0,0,0,0,0
101	56898	137	24650	11273	20584	38016	10161	131	47464	23707	19626	10135	17665	10111	14120	131	120	120	188	119	11170	120	161	10929	10884	65111	10129	10731	10115	15417	11090	10160	129	131	10803	11008	21290	11090	120	10193	131	10803	11008	49004	11090	108	24650	11273	12674	12674	14120	131	120	120	188	119	11170	120	157	10410	10457	11373	11490	10157	10738	10237	89696	102,751FC78EFD03D37F0DB87A1F7940A73F,23307AAC03E6BC063994B73A366AFED5,Video,032E8EA45D5C45CC0438BD89ECBA9D70,A4A3D0CAC0A84BDFBACAA6268154AED4,Retweet,D3164C7FBCF2565DDF915B1B3AEFB1DC,1581306493,F55BF1E370757D69C582508234A73ED3,2019,1955,False,1390265097,F4076B15AAC727D2456455D68A3BB142,868,829,False,1538767980,True,,,,,4.0,0.25,0.0,0.0,0.75,21.0,0.047619047619047616,0.0,0.0,0.8095238095238095,0,0,0,0,17
101	61710	102,,901CDD9335FD471F41D95C07D0B5A378,,,,Quote,D3164C7FBCF2565DDF915B1B3AEFB1DC,1581304802,1495BAC79DF1D4D03907E1AC79C8C02A,738,743,False,1402613744,E3BEFB70CCB726AC4AF5DE79E2745D77,539,409,False,1436904971,True,,,,1581306767.0,,,,,,7.0,0.0,0.42857142857142855,0.0,0.42857142857142855,0,0,0,0,0
101	56898	137	83852	11274	32250	131	145	21793	11090	131	39728	12014	10114	100	146	11740	100	188	24270	117	100	10105	11897	10940	13028	15329	12789	10155	10840	86074	10189	13028	16938	100	188	21852	10105	57085	119	11399	10105	12479	100	102,,209A109BE8297D1EB3ADC3E03C0947BB,,,,Retweet,D3164C7FBCF2565DDF915B1B3AEFB1DC,1581305001,A67167F1AE3DF2DA360B98AA194E5491,4053,600,False,1192387382,952939D1A6642908B700E0B820621476,3540,3495,False,1237262210,False,,,,,,,,,,2.0,0.5,0.0,0.0,0.0,0,0,0,0,1
101	23056	11259	50183	27277	14703	11274	11259	22570	11403	38850	24093	10731	109544	102549	30340	11733	92438	41275	58573	52898	11447	81012	71020	97126	23240	11565	157	13034	11090	49307	13034	162	32002	11369	144	11490	11447	90800	11447	97126	160	10738	37611	50183	58573	23056	11259	109544	94592	39039	11369	11565	106	106	106	106	106	100	102,,37BA5361DCC9D1B741679FEE9ED0D1A9,,,,TopLevel,D3164C7FBCF2565DDF915B1B3AEFB1DC,1581304380,25F9CB94D675F769E4805F6D6013E0BE,4533,382,False,1420669868,7BA4D22B496FDB2E4DC6C993E9FD5051,157,446,False,1512007467,False,,,,1581304435.0,154.0,0.006493506493506494,0.22727272727272724,0.006493506493506494,0.5064935064935064,47.0,0.0425531914893617,0.3404255319148936,0.02127659574468085,0.9574468085106383,0,0,0,0,38
101	137	58768	82856	20324	38161	34146	120	120	34987	12680	117	146	19774	12253	38329	28070	10138	102,,6F82DED0A892925FE9753859EBF836BE,,,,TopLevel,D3164C7FBCF2565DDF915B1B3AEFB1DC,1581304684,333C806464A0E4EE661DFC108718677B,554,300,False,1553643811,BA14F7D400981F0583E25749D426FB1E,356,152,False,1548860041,True,1581305413.0,,,,10.0,0.0,0.1,0.1,0.3,2.0,0.0,0.0,0.0,0.0,0,0,0,0,0
101	144	12022	93202	146	53317	38850	11369	98038	11090	46291	11369	71655	68560	146	143	93089	59879	11537	21318	13034	26956	146	160	38025	71020	36351	138	13034	11259	94592	102059	65729	12396	160	38025	55355	50655	109166	11259	31278	72286	66014	89275	146	99843	77261	71033	42424	11517	11274	24093	50972	14703	23240	26956	80426	43161	11127	11090	56586	11517	15417	11403	30118	149	11403	63310	33809	71020	149	30118	11447	52428	46291	10738	65729	53668	100673	52428	147	42031	27128	100397	11447	147	42031	27128	100	102,,58D98362CA8C259DB11121FB6497CA8D,,,,TopLevel,D3164C7FBCF2565DDF915B1B3AEFB1DC,1581305200,FB9AA94611ED3471CECB61D643CF6DDB,4295,2562,False,1537633499,79FC947FB2A44C1BCCC3667A994FA60A,398,388,False,1502168681,True,,,,1581305440.0,8.0,0.0,0.0,0.0,0.5,1.0,0.0,0.0,0.0,0.0,0,0,0,0,0
101	10630	12233	119	119	146	21852	13028	10301	52824	12141	119	119	11248	13028	10435	10380	13172	119	119	119	98559	13028	10111	69857	40018	10142	13028	119	119	119	100	82113	102,,2D65410FD11AFCB1C3744D92E3A582AB,,,,TopLevel,D3164C7FBCF2565DDF915B1B3AEFB1DC,1581305586,2204518087D7B7C31FB3213B4C6EB441,1138962,12586,True,1169270239,C07545E7C373B7222DB5FC81A062CFC2,20,570,False,1407758353,False,,,,1581320542.0,8537.0,0.013002225606184845,0.10050368982078013,0.007496778727890359,0.4679629846550309,5.0,0.0,0.0,0.0,0.6,0,1,0,0,2
101	29846	12014	10107	11255	29165	10133	10106	30810	10162	10169	64804	11273	117	21484	15171	10107	11408	31117	10111	14880	12219	14120	131	120	120	188	119	11170	120	181	11369	10806	11273	13966	13966	11703	10929	14703	14120	131	120	120	188	119	11170	120	130	26382	11517	10147	13034	11779	11211	31165	102,,47E0D78B42E65B7499EE8CEBC2C57B3C,Photo,77EB4D99AFB08BB5FF92C0B8A4E9A8DF,D0120C5A771484D1765BBA60461666B9,TopLevel,D3164C7FBCF2565DDF915B1B3AEFB1DC,1581306664,3F99E0D02E0F969E2AF380CF31B1479F,1798536,569,True,1187743605,3B6A412ABF4943EF6CB31C426019E444,26,48,False,1488746063,False,,,,,1318.0,0.010622154779969648,0.020485584218512896,0.00227617602427921,0.05386949924127466,4.0,0.0,0.0,0.0,0.5,0,0,0,0,1
101	56898	137	10117	11273	20898	13034	38308	10263	131	150	10350	10858	29129	11231	47798	112	188	10529	10105	24659	10114	27242	109898	119	119	119	17121	10124	10105	10635	10142	169	13486	68052	119	17540	10135	10105	41008	10107	117	18694	10107	119	11740	112	188	180	100	102,,C16326D9B6176C027425C5514333EC89,,,,Retweet,D3164C7FBCF2565DDF915B1B3AEFB1DC,1581304010,17603B59733D98153388621BF4B6343D,26601,26713,False,1483713886,6208C2747A74F645704753A94CB9F122,2698,2825,False,1443273187,True,,,,,46.0,0.021739130434782608,0.2826086956521739,0.021739130434782608,0.43478260869565216,4.0,0.0,0.0,0.0,0.25,0,0,0,0,1
101	75151	11259	68560	44376	58521	29639	37174	136	136	136	136	146	100	181	20378	108	58015	16421	10350	102,35FA4B46D94DF801A287485437ADB131,196CDC8EA168624D1B04CB1C1EE712B3,,,,TopLevel,D3164C7FBCF2565DDF915B1B3AEFB1DC,1581303759,D08E885F9B559655CFC70F81CDB387AB,557,400,False,1307567978,BC6F7A6D36E7E6FA2BC3142160EF499A,657,512,False,1312549718,True,,,,1581322956.0,1.0,0.0,0.0,0.0,0.0,,,,,,0,0,0,0,0
101	56898	137	98671	31572	11127	14601	22888	131	138	10808	12811	48237	10211	76484	10269	10426	10111	10151	28446	19924	14355	30386	106788	10336	10142	50410	117	16018	10151	63313	54147	13585	100	102,,D57D448DFE93729710AC5F9A1F70770D,,,,Retweet,D3164C7FBCF2565DDF915B1B3AEFB1DC,1581306128,9FE62A854D56FF788C3FB1733ACF8BA9,887750,117,True,1273275507,3F7566A3B8628314AEF5F4D823ED2A28,573,1176,False,1249854261,False,,,,,522.0,0.011494252873563218,0.10153256704980844,0.0019157088122605359,0.3256704980842912,1.0,0.0,0.0,0.0,0.0,0,0,0,0,0
101	15198	45217	102,,0D2C2B5CCFD040B70475424165A2236A,,,,TopLevel,D3164C7FBCF2565DDF915B1B3AEFB1DC,1581305699,81C799A1EE6CC4BFD2A9B568D3376E31,613,258,False,1550808881,1E784A6BDCD4D057A2C10CB58D51FCD6,90,172,False,1569442774,True,,,,,26.0,0.0,0.038461538461538464,0.038461538461538464,0.576923076923077,3.0,0.0,0.0,0.0,0.3333333333333333,0,1,0,0,1
101	56898	137	10796	168	10469	10761	168	156	10107	131	44786	10124	19540	169	30514	119	14120	131	120	120	188	119	11170	120	185	10884	65622	11011	10123	10240	11211	10759	15417	102,,2AD39B34320EAB4290BBF7910942E8D9,Photo,,,Retweet,D3164C7FBCF2565DDF915B1B3AEFB1DC,1581306187,E481A4A908DFE25F27C9345CDCB45DF7,40531,56,False,1425213127,51EA76BFE5DBDCFB4BD4F23AF68163AB,89,130,False,1394518727,False,,,,1581311053.0,24.0,0.0,0.16666666666666666,0.0,0.75,5.0,0.0,0.0,0.0,0.4,0,0,0,0,0
101	56898	137	29243	27192	13034	79281	131	14924	10188	67076	117	14005	38640	26282	11898	10105	42126	13751	160	106	100	119	119	108	27866	11447	91824	14010	100	14120	131	120	120	188	119	11170	120	138	11373	11703	11273	10477	10686	11565	11127	11565	10112	102,59BF5DD9300DC9BF3B36016CDF2AA1FE,789B1ABAA2670C4D7AF386DE2B189189,Photo,,,Retweet,D3164C7FBCF2565DDF915B1B3AEFB1DC,1581305048,B480D1EC574FFF62323C7DA270E5038D,758,2844,False,1244681729,1845003927FF152DB27546001AC14102,730,546,False,1306649318,True,,,,,4.0,0.0,0.0,0.0,0.25,1.0,0.0,0.0,0.0,0.0,0,0,0,0,0
101	56898	137	54740	10400	11259	12818	10686	131	100	46412	12888	14796	146	19556	10105	36304	107159	15619	109821	24093	136	136	100	14120	131	120	120	188	119	11170	120	153	10147	11259	11011	11517	62229	10123	10858	119	119	100	110	23240	11565	49339	11369	14703	109	126	119	12187	106	100	119	119	100	32992	77261	50655	11090	36351	100886	86888	100	102,,B5AFFB9CCB62C788C3D53D9F1C02B13D,,EE7B96B4734097686D309EAFC7E82246,DD70774AFE7815A83BBB93C1DD61BB33,Retweet,D3164C7FBCF2565DDF915B1B3AEFB1DC,1581305498,64AF354A3D3AFDEDE025FC233DE50897,54813,934,False,1460328871,CE4D21D09403136722383089928A129C,20,190,False,1560962406,False,,,,,213.0,0.018779342723004692,0.0892018779342723,0.009389671361502346,0.5821596244131456,1.0,0.0,0.0,0.0,0.0,0,0,0,0,0
101	56898	137	42232	11211	45389	131	177	14794	18957	12604	24944	10105	49219	100	83244	11183	15694	38732	10165	80516	75863	10491	10226	78681	100	10106	15127	97952	71122	102,,7304F328FE4D71571C14A69C0BB917BB,,,,Retweet,D3164C7FBCF2565DDF915B1B3AEFB1DC,1581304003,68871727A81D1B2BA2E3A52918190F82,51,107,False,1558633684,EFB1ED1D0335241F735BBECF1A1CE844,44,141,False,1437523081,False,,,,1581304764.0,,,,,,7.0,0.0,0.0,0.0,1.0,0,0,0,0,7
101	101270	25635	10419	10108	10151	13262	100	102,,8D2E18AA95C8AB95DF463F0F776BD688,,,,Quote,D3164C7FBCF2565DDF915B1B3AEFB1DC,1581306715,B0BCEED4841DBA7BD793E24874E2B870,65,193,False,1515184344,91A9F05BAF1C12AAAA15CAF1955D24AE,5444,777,False,1340926774,True,,,,1581322540.0,,,,,,7.0,0.0,0.14285714285714285,0.0,0.42857142857142855,0,0,0,0,3
101	100	30744	10206	79601	31505	104539	119	119	119	100	119	14120	131	120	120	188	119	11170	120	11035	10731	13966	11733	11703	11273	13013	10729	14120	131	120	120	188	119	11170	120	192	31686	31691	13034	10240	11166	10107	102,,B8B02958FD1193AFB791A100CDC53A31,Photo	Photo,10289C795EBB9FE8BA62E27715451947,4DD2E9BEAE859E60195665280667D6C7,TopLevel,D3164C7FBCF2565DDF915B1B3AEFB1DC,1581305041,4C8C21095B04DADA0E63ADD89F92F277,6749,11,False,1547313946,293F1D85FA4658C1D98313A0152F2F4E,236,588,False,1507294386,False,,,,1581306199.0,36.0,0.0,0.2222222222222222,0.0,0.7222222222222222,3.0,0.0,0.6666666666666666,0.0,0.3333333333333333,0,0,0,0,0
101	14796	15107	10271	38008	102,,92672610FDB86F85CBB5383A71821FEC,,,,TopLevel,D3164C7FBCF2565DDF915B1B3AEFB1DC,1581306171,087C843A41A0ED6F97BD21AF2C5AFD33,380,959,False,1436273276,5C462A24EB1D2100C0902E19DF2516B1,250,339,False,1516236755,True,,,,,11.0,0.0,0.0,0.0,0.3636363636363637,4.0,0.0,0.0,0.0,0.75,0,0,0,0,0
101	153	14590	81921	131	18889	19353	113	50825	171	71189	10284	114	45769	10114	13595	44418	20259	21852	10261	100	187	30918	15198	119	74128	14879	10169	10380	18676	117	77596	24109	15003	10111	26506	35407	10376	10226	11096	10105	17767	24109	13660	10874	119	106	10357	10124	169	22185	128	70832	10107	106	14120	131	120	120	188	119	11170	120	13786	10112	88592	59879	10738	11703	10686	102,,C675A18277C6D8CEC4045886265A09DA,Photo,,,TopLevel,D3164C7FBCF2565DDF915B1B3AEFB1DC,1581304295,487E7C0EB9424D3AEB98FE165919326B,5301,1001,False,1558613090,EC04F94D39D42DE740AD7A1BC40DC8AA,624,1658,False,1516592060,False,,,,1581304688.0,33.0,0.060606060606060615,0.030303030303030307,0.0,0.8484848484848485,4.0,0.0,0.0,0.0,0.5,0,0,0,0,2
101	56898	137	13002	67580	52743	131	10473	10108	15348	106	102,,05796B548080CC8B244114E18C03C1DF,,,,Retweet,D3164C7FBCF2565DDF915B1B3AEFB1DC,1581306109,08AA7A7638F95B19CFC170588DE73F04,292224,709,False,1510493577,CD81006824152EFCA988437F1174A1CB,79,243,False,1516606988,False,,1581307778.0,,1581307778.0,29575.0,0.002975486052409129,0.3399154691462384,0.008960270498732038,0.7140152155536771,3.0,0.0,0.3333333333333333,0.0,0.3333333333333333,0,0,0,0,1
101	56898	137	64304	12055	11733	67574	11396	98057	67574	10884	131	108	10882	11759	11273	10280	10305	90076	123	73495	22444	10189	10271	10124	10491	119	119	11696	48315	10472	10106	78254	18873	119	119	10377	30668	18428	10106	10735	119	11149	10124	10798	169	20104	100	102,FB5A802DF7D5F25412425F0B91B1D7A7,622CE6FFC9C9F9DBE141B292DB08A3FB,,,,Retweet,D3164C7FBCF2565DDF915B1B3AEFB1DC,1581305546,D524FD041C3996873FDFC936AB43F05B,15772,449,False,1498319980,E1B14B086C36707338EA9346F10668CA,26,122,False,1577716718,False,,,,1581307236.0,6765.0,0.01699926090169994,0.6923872875092387,0.015964523281596456,0.6478935698447894,19.0,0.0,0.15789473684210525,0.05263157894736842,1.0,0,0,0,0,13
101	45896	19259	10165	24376	10142	79093	10485	13194	136	11149	112	187	10472	10488	10908	10160	10957	119	11149	112	187	12558	30593	13358	11130	12277	10833	10393	10151	88840	119	11149	10134	10798	12796	24874	10336	26133	15838	10374	44936	10114	10957	132	10261	110240	10894	10529	14030	12277	10261	12174	10529	119	108	32003	10107	11517	72628	10219	102,0BDEC90E8EEBF43E9B2FB840ACF5F8FA,BF30619A1D3D4E248D7C8C733CD1A4D1,,,,TopLevel,D3164C7FBCF2565DDF915B1B3AEFB1DC,1581306231,4539EF6C8D5204282F07B388A007815E,67697,135,False,1438026429,6B9447606C24159AB435A64939CF8B91,8,73,False,1557645281,False,,,,,16.0,0.0,0.0,0.0,0.3125,6.0,0.0,0.0,0.0,0.3333333333333333,0,0,0,0,1
101	56898	137	11649	10206	11274	10112	14703	17964	12396	10165	10567	131	73323	19192	31820	40919	10105	12469	13824	15304	10393	10590	10114	11783	10160	27964	102,,601BFE659796B21B42BDE76441DEDDF0,,,,Retweet,D3164C7FBCF2565DDF915B1B3AEFB1DC,1581305105,F97257960A45E44066354AC6C52DCF47,45506,4078,False,1336741464,14CA735AC9DD02E6B20AB126D800849E,284,350,False,1352839965,False,,,,,1528.0,0.021596858638743454,0.11321989528795813,0.007853403141361258,0.7414921465968587,6.0,0.0,0.0,0.0,0.16666666666666666,0,0,0,0,1
101	56898	137	55755	10686	11211	168	131	177	17367	11408	102,,5E19669B6A9BAD10583EE852C8E0B2E7,,,,Retweet,D3164C7FBCF2565DDF915B1B3AEFB1DC,1581304757,D1DCE58B8CB81A22323A154F54BDA907,67764,1184,False,1405215239,7ED46A78C6636AC937445E830289A664,105,139,False,1547241277,False,,,,,1729.0,0.004626951995373048,0.06766917293233084,0.003470213996529785,0.2787738577212261,4.0,0.0,0.0,0.0,0.25,0,0,0,0,1
101	56898	137	87769	10147	15417	10136	11517	10350	11447	131	31558	13656	50215	10107	14516	24852	63604	34633	21986	100	140	110685	31748	138	92059	10336	100	10108	67747	18332	10341	10345	99946	23486	54489	118	140	110685	31748	138	92059	10336	196	14021	11127	20664	21307	14120	131	100	102,,A55E91ED0FE6F9E884E49BEE5E48B818,,,,Retweet,D3164C7FBCF2565DDF915B1B3AEFB1DC,1581306088,CBAF103F7C4A3AC7727C803F8C788D32,2066,1683,False,1247451918,A07D3A6E550AD0E86D7CBBC525972B0E,6920,1243,False,1305042817,True,,,,,1.0,0.0,0.0,0.0,1.0,3.0,0.0,0.0,0.0,0.3333333333333333,0,0,0,0,1
101	10944	193	100	10435	20648	42658	10112	16135	10114	49151	177	25259	100062	10114	20442	58945	10160	10105	19085	10108	15765	136	10135	12364	10108	30870	19509	177	11424	169	13375	10635	11940	23627	60996	10142	10105	16138	10108	22009	18090	10911	169	11132	10114	11005	72453	33989	110532	102,,1A0BDC39DAFDDF50D2CC43E5DD94112E,,,,TopLevel,D3164C7FBCF2565DDF915B1B3AEFB1DC,1581304769,A0E82B54FC1DFD4FA6B1E06D6EE73BC8,4646,769,False,1442881538,08FAEF74BF1785889BDDE1EB81958489,1188,101,False,1576201502,False,,,,1581304837.0,49.0,0.12244897959183673,0.08163265306122447,0.0,0.3469387755102041,,,,,,0,0,0,0,0
101	56898	137	14261	10240	11281	10123	11369	13321	131	12689	10414	38541	10107	11783	16441	23819	10262	33121	10854	10305	193	100	10435	27874	20442	59148	10944	23819	169	10817	20694	108813	102,,705E1A1FED980C23E260659E5C29E1A4,,,,Retweet,D3164C7FBCF2565DDF915B1B3AEFB1DC,1581305479,4493E5A52A620C7BEBA1D9293E75FB76,277,271,False,1437219900,ACA4E9B1D0174736125322233F55D274,352,284,False,1342309401,False,,,,,5.0,0.0,0.2,0.0,0.4,3.0,0.0,0.0,0.0,0.3333333333333333,0,0,0,0,1
101	146	36110	117	169	10428	15998	10129	12174	23040	11355	19626	10435	10950	10160	10105	11561	10635	119	102,,53B52766E49BF8B6D822D0B1B9A2633A,,,,Quote,D3164C7FBCF2565DDF915B1B3AEFB1DC,1581303972,49E57CEC9C4CCA4C1EDF092D64006A15,83515,142,False,1243060204,714D3FF33352B20F59009E08E111320B,34,447,False,1299890823,False,,,,1581356065.0,235.0,0.008510638297872339,0.0042553191489361685,0.0,0.1914893617021277,13.0,0.0,0.0,0.0,0.9230769230769232,0,1,0,0,12
101	20794	77261	38025	14703	10107	106	106	119	20648	42658	10112	62893	12577	10308	117	39740	10111	76456	10454	10531	12839	10123	17544	119	119	13595	112	187	15329	108	9559	12605	10530	28396	16439	12030	10126	10410	12589	10455	16800	14125	10169	108	13073	11447	53452	10188	119	137	38277	11373	20584	38016	10161	119	119	122	157	13034	95825	11090	134	122	159	62146	11259	119	10150	71033	11090	13034	95825	36545	134	122	159	62146	11259	102,2835B872FFFAA0DF02F8A5AA451730A2	FC94B3DB44149867DA05DC063AC4EE00,79E1FB50D15917D2174972B96AC0E352,,,,TopLevel,D3164C7FBCF2565DDF915B1B3AEFB1DC,1581306294,F375CB9604D21CC66BCA4CC5B46FC170,568,504,False,1529472919,058C1F3DC3AB5A5F222A700113D782CE,220,691,False,1481625060,False,1581306502.0,1581306502.0,,1581306500.0,2.0,0.0,0.0,0.0,0.5,14.0,0.21428571428571427,0.2857142857142857,0.0,0.8571428571428571,0,0,0,0,7
101	56898	137	10209	29073	10213	11011	10161	131	11740	100	188	11005	11263	10741	13672	28101	10111	10106	33848	18694	10107	12014	10106	13672	16199	12820	10854	10305	100	12103	16683	13716	100	102,,1FEDF1939DFA9B4B5AB1D096EAEE6EDC,,,,Retweet,D3164C7FBCF2565DDF915B1B3AEFB1DC,1581305113,C34B9B3AF5D77BFA6B30F807487FFFB1,174,145,False,1327644608,9A13F9B8E1AB812545907FDD35C9B470,491,411,False,1235983234,False,,,,,4.0,0.5,0.25,0.0,0.75,2.0,0.0,0.0,0.0,0.5,0,0,0,0,1
101	56898	137	16040	15417	19265	10738	10756	11274	20712	131	144	12022	93202	137	15127	13650	101422	54609	10129	30181	10718	50987	19626	191	169	36592	119	119	119	10218	14310	10124	78241	10473	14234	12011	10124	169	17937	10165	119	119	12360	122	146	10134	28780	31746	10135	100	102,,B23257AF1906E19954EE516A3D8C71C4,,,,Retweet,D3164C7FBCF2565DDF915B1B3AEFB1DC,1581303608,C1D392C5AA9A8B8D139F55F92BDD9898,102668,457,False,1304545218,CC848EA4E41259E77525B43FBC53A0C3,317,170,False,1548265112,False,,,,,1131.0,0.017683465959328033,0.1856763925729443,0.014146772767462422,0.6595932802829354,10.0,0.0,0.1,0.0,0.0,0,0,0,0,0
101	56898	137	35297	20359	98041	131	137	10554	30025	14950	19503	10245	10911	182	11152	11938	177	100	181	97801	10108	100	14120	131	120	120	188	119	11170	120	172	13034	10457	11310	11517	11273	10113	11090	11090	102,,A52B680F1A41938C883E6293F8E1E55F,Photo	Photo	Photo	Photo,,,Retweet,D3164C7FBCF2565DDF915B1B3AEFB1DC,1581306731,6699A8EAC3AE7A46052B8E4BC7F417C5,1640,1164,False,1400719885,64751DAA35154D3FE77E289ECC0BA55E,3,53,False,1573782054,False,,,,,115.0,0.034782608695652174,0.1478260869565218,0.052173913043478265,0.6695652173913043,9.0,0.0,0.0,0.0,0.7777777777777778,0,3,0,0,7
101	17116	12172	124	19573	10106	10105	175	16889	119	119	119	119	27185	10142	47163	10940	146	14900	10336	102,,DA7BFEFBB4BA8B47634154338C2F4243,,,,TopLevel,D3164C7FBCF2565DDF915B1B3AEFB1DC,1581304704,11D050F15E558AD12D11E1D9A770CDBB,12561,510,False,1243227540,76C90B20E7AF72267B1366A734EDA474,593,3261,False,1531497634,False,,,,1581353104.0,7.0,0.0,0.14285714285714285,0.0,0.42857142857142855,8.0,0.0,0.125,0.0,0.375,0,0,0,0,3
101	56898	137	90655	92615	131	137	11149	10147	168	89903	12916	119	31042	118	10142	12976	24564	12172	13028	48394	11085	10253	54194	10108	12811	29846	136	102,,B303B0C01DB6CC1B92954FA6AD5A52CC,,,,Retweet,D3164C7FBCF2565DDF915B1B3AEFB1DC,1581305515,F9D39D352BCB994FFDD02606CAB9C3B8,38085,887,False,1523116317,2F618B588E97E30FF0968B0B1833E8A1,99,409,False,1474373045,False,,,,1581305566.0,1357.0,0.028002947678703014,0.3014001473839349,0.006632277081798086,0.8504053058216654,6.0,0.0,0.0,0.0,0.5,0,0,0,0,3
101	56898	137	43436	13024	168	10233	131	83757	10162	11951	100	172	32650	11918	10741	10105	44519	169	17684	119	14439	43662	10950	15127	21997	137	12158	10230	15417	11166	111	10392	10410	132	137	168	93742	12355	168	64321	168	10142	10435	20442	20169	22623	10111	49084	10161	10554	100	102,,63BCBFB3D9494CB10FA5B29968C0F6CB,,,,Retweet,D3164C7FBCF2565DDF915B1B3AEFB1DC,1581304325,788584CA50622D0458D1821EDF9345E5,12953,982,False,1421038466,6E7C6A065153949EC0CAC4220DCDE297,657,989,False,1376965776,False,,,,,62.0,0.0,0.0,0.0,0.3548387096774194,5.0,0.0,0.0,0.0,0.8,0,0,0,0,4
101	24781	23812	12034	169	18424	11129	100	187	17316	10111	67938	118	14120	131	120	120	188	119	11170	120	121	10465	10457	10759	11490	43805	10162	10350	102,,AEB202A3EA6157EE7247A6166B1EBA06,,4C46A32986AB80DE9875B1240F309941,C3D6D63955A7585D4ABC58B8BFBC73F7,TopLevel,D3164C7FBCF2565DDF915B1B3AEFB1DC,1581305967,03E875F6342FFB45DE3B3367979764F6,100592,3543,True,1235181832,3F96A15FD5AB05D418B73A3E8ADF1C0D,50,200,False,1361239017,False,,,,,178.0,0.016853932584269662,0.005617977528089888,0.0,0.151685393258427,6.0,0.0,0.0,0.0,0.6666666666666666,0,0,0,0,4
101	13028	25157	188	10575	15198	52758	102,,90474E272C4F0B275FB84EA760F2AF80,,,,Quote,D3164C7FBCF2565DDF915B1B3AEFB1DC,1581303764,BEBBD0CF8AA3B7D322CBAF7B579DD9E6,3696,1297,False,1252622007,F9013E5B281FE46D0121499B6E86817D,478,280,False,1255629540,False,,,,,42.0,0.047619047619047616,0.023809523809523808,0.0,0.7380952380952381,2.0,0.0,0.0,0.0,0.5,0,0,0,0,1
101	56898	137	10469	11490	54322	62181	131	10377	100	187	17843	16903	106	11730	10108	14657	11263	10114	10105	17843	10107	106	137	27301	10107	168	61082	137	73845	82836	21428	13051	11945	10884	14120	131	120	120	188	119	11170	120	185	11396	10756	10129	12022	10686	25631	102,,6D2EB9EBAB17BDBED27119633E3C3C33,Photo,,,Retweet,D3164C7FBCF2565DDF915B1B3AEFB1DC,1581305044,AB2E2C143E311D22C8519DE3C2F3606A,944,246,False,1474728959,3F67CE68A86C48CBA46162E1B0020DF4,1,10,False,1573859015,False,,,,,5.0,0.0,0.0,0.0,0.6,2.0,0.0,0.0,0.0,0.5,0,0,0,0,1
101	146	39496	10287	11616	106	119	107	11951	11233	11790	10133	107	119	10747	31886	10142	46503	27502	10479	11850	13847	15162	10189	47798	112	188	21852	10105	13486	11891	119	16976	146	75980	22094	10117	38523	11889	10124	27224	102422	53718	10612	13719	119	10379	14820	146	11760	107	47168	11951	11233	11274	49243	10165	107	10142	144	64279	13677	10151	12898	27874	136	102,,CBE5B03A4C0DFD3B4D779F71CC369D1C,,,,TopLevel,D3164C7FBCF2565DDF915B1B3AEFB1DC,1581306949,29575FA32486213EF546B0728E3081D1,24775,596,False,1294342415,8E72BACF6DA8FA70DA9A3D923E841054,54,850,False,1450940031,False,,,,1581311522.0,229.0,0.017467248908296942,0.04366812227074236,0.004366812227074236,0.6462882096069869,1.0,0.0,0.0,0.0,0.0,0,0,0,0,0
101	48567	20970	10347	10491	117	10473	10271	112	187	24866	11155	112	187	169	72041	16711	35629	10142	16620	19174	119	17144	112	187	24194	12935	10105	11366	12239	10169	10105	46511	131	14120	131	120	120	188	119	11170	120	92758	10929	11166	13966	11259	81456	10174	10858	14120	131	120	120	188	119	11170	120	71613	11259	10884	12022	10162	11396	11305	59654	102,,D03FF0F6B791E7AD8C5C70F03E8460E3,Photo,1D29162AAFE96F6FE2A04902E8FAC7BF,3896E26D12C903F0A00B6B1BE9A9BEA3,TopLevel,D3164C7FBCF2565DDF915B1B3AEFB1DC,1581303660,E484B840498874791F0054B4A7E29545,7310888,965,True,1230350198,8F36A448519B3C5DE14778D64B255330,68,508,False,1516804783,False,,,,,18729.0,0.013134710876181321,0.030754444978375782,0.006834321106305732,0.19824870521650914,3.0,0.0,0.0,0.0,0.6666666666666666,0,0,0,0,2
101	56898	137	38571	10362	71528	10376	131	18559	11045	58446	16602	12820	80516	13559	14177	30787	10160	10105	30776	20149	40675	43436	119	119	119	100	119	102,,B5AA1C8F6B4E463204DE88CD24239CB9,,,,Retweet,D3164C7FBCF2565DDF915B1B3AEFB1DC,1581304137,913E76196D7846D6E78D2E8098FB9C56,7416,7528,False,1522590934,0B48036DD1AAC38CDAA38F8D3F73A6E2,1787,2097,False,1235941851,True,,,,1581304249.0,25.0,0.12,0.32,0.0,0.72,8.0,0.125,0.25,0.125,1.0,0,0,0,0,8
101	146	30181	10347	16664	61982	10108	59331	100	102,,A0F82211A4CBF5F6CC16132388EC0CBA,,,,TopLevel,D3164C7FBCF2565DDF915B1B3AEFB1DC,1581305381,D3FF393E2246E9413D8858FFFA6AE6EE,786,476,False,1383746239,9542265ED4272BAD9784F27B2CE0AA8F,147,385,False,1488769049,True,,,,,15.0,0.0,0.2,0.0,0.5333333333333333,8.0,0.0,0.0,0.0,0.375,0,0,0,0,3
101	22034	10106	169	53839	10435	11940	119	12489	146	88237	136	102,,F5E13E18C7E2E740377283F80A140FEC,,,,TopLevel,D3164C7FBCF2565DDF915B1B3AEFB1DC,1581304390,12B0981201F18EFA48C86311E1843929,2812280,375,True,1348443792,DB93B3AA7DEE7FB342FA1D5F01F545BF,1,18,False,1569791558,False,,,,,16243.0,0.016376285168995874,0.014529335713845962,0.0016622545096349195,0.34544111309487163,2.0,0.0,0.0,0.0,0.5,0,0,0,0,1
101	56898	137	13956	79044	11147	10138	131	27874	10245	10978	10531	11170	10874	111	10392	10410	132	10531	11170	10874	10893	14120	131	120	120	188	119	11170	120	122	12022	10138	19282	11011	10477	11090	10162	10858	13034	102,,312A93C3666B3015ED202075A8E2C353,Video,,,Retweet,D3164C7FBCF2565DDF915B1B3AEFB1DC,1581305882,059CCC759BC8B4807EF80DE0391DC998,201,225,False,1541474853,C9B16684C03A7FF3D5D60183C75549F8,151,366,False,1414172676,False,,,,,8.0,0.0,0.125,0.0,0.875,7.0,0.0,0.0,0.0,0.2857142857142857,0,0,0,0,2
101	81352	10119	29738	100	119	14120	131	120	120	188	119	11170	120	188	11369	10477	69849	10123	11490	10123	11281	11166	14120	131	120	120	188	119	11170	120	130	11281	90426	11274	12396	11779	15343	11373	102,,418422A0228114415FC16F9E09FC2E32,Video,3C692E84459F2141A2C7C72561FC2261,DD70774AFE7815A83BBB93C1DD61BB33,TopLevel,D3164C7FBCF2565DDF915B1B3AEFB1DC,1581305955,FC08A830FC908F563ECFCFB233037269,23622,180,False,1548227400,7E74A3163DDCB99249DAD8184E62C0ED,221,467,False,1535768787,False,,1581307991.0,,1581307991.0,23.0,0.0,0.39130434782608703,0.043478260869565216,0.8260869565217391,1.0,0.0,0.0,0.0,0.0,0,0,0,0,0
101	12811	29846	100	187	15899	14759	117	70576	58575	18428	10741	13677	21240	117	10259	11426	37449	10230	94567	119	119	119	10314	117	10259	10108	12676	10309	45338	119	119	119	49307	11090	119	138	119	39675	34065	51036	119	45338	22102	12174	80870	10531	11898	13246	10135	10455	12504	11940	119	119	119	14516	100	187	42374	10114	55321	10473	10123	10106	23607	136	102,,FD32CF6E233B40ADD1D5AD9893842E16,,,,TopLevel,D3164C7FBCF2565DDF915B1B3AEFB1DC,1581304509,2E8C9D8D8CE87F97438FB47AF6F3E9E5,794698,319342,True,1277678696,720A35203DFCDCE5D436549B53349421,60,114,False,1574249327,False,,,,1581338053.0,9662.0,0.02577106189194784,0.298799420409853,0.01811219209273443,0.8490995653073897,4.0,0.0,0.0,0.0,1.0,0,0,0,0,5
101	56898	137	14261	10240	11281	10123	11369	13321	131	146	12888	169	19826	11309	10161	22807	10105	107761	100	188	10149	10531	43612	10455	40138	119	10747	10124	31237	169	19826	10108	193	100	10435	68052	10230	15607	10197	10107	10111	10944	100	188	187	80217	102,,3B8E9D075CA7624CF22B82790C8871B4,,,,Retweet,D3164C7FBCF2565DDF915B1B3AEFB1DC,1581305595,F4418B7A59B1601927C6CB8BC773B0A5,2263,1028,False,1356718663,B57712084F0718E73422A8C163F26EE3,995,903,False,1369608613,True,,,,1581306823.0,1.0,0.0,0.0,0.0,0.0,2.0,0.0,0.0,0.0,0.0,0,0,0,0,0
101	13646	112	187	14796	13028	15329	143	53668	11090	14703	106	106	119	119	108	36912	11090	11643	11490	23869	14120	131	120	120	188	119	11170	120	149	69196	10112	10738	11259	10929	13966	10161	10686	102,C9A9D17A011F70451700986B1F16A954,4C1AFB3FA641033A43A141E488245267,Video,,,TopLevel,D3164C7FBCF2565DDF915B1B3AEFB1DC,1581305226,BAB18EE18A311B6E8F6CE09935A7C4D1,1183062,5679,True,1217648195,4B59A43519700EB30D3C1080E4689E78,1895,290,False,1360004014,False,,1581313090.0,,,2395.0,0.0041753653444676405,0.05386221294363257,0.006680584551148226,0.421294363256785,3.0,0.0,1.0,0.6666666666666666,0.0,0,0,0,0,2
101	56898	137	50302	11298	36363	11517	12022	10738	131	25470	13584	10124	10380	21610	10112	180	10369	10133	102,,E1F948780DD450D6C7D3A8F709E07274,,,,Retweet,D3164C7FBCF2565DDF915B1B3AEFB1DC,1581304759,D98D495AE7818F92C4B4F38F3D846932,64671,834,False,1337752354,948CDFE5EF366EAB1028FCA03DFB8C8C,243,165,False,1522356948,False,,,,,1376.0,0.010174418604651164,0.0501453488372093,0.0014534883720930224,0.3946220930232558,1.0,0.0,0.0,0.0,0.0,0,0,0,0,0
101	10313	61047	12704	25601	10108	16083	13501	117	21766	10454	12898	21408	10114	12542	169	37021	23050	117	16879	17627	30848	24671	20775	10114	23037	26054	11345	10135	50807	10108	14927	48053	117	10529	10590	173	26095	15854	61289	11419	46128	77815	10114	12117	10105	32398	13650	10107	10108	37021	16379	119	119	119	13646	112	187	31237	11951	14982	108	14820	32942	10731	41781	10368	11490	21057	10123	102,7AFAE85BDBB79D2007795EFCD9EDB135,F3A58ABCD6516A9587793A4E3A62F35B,,,,TopLevel,D3164C7FBCF2565DDF915B1B3AEFB1DC,1581305587,FF888340AE1FB4F9D89CA833FE48305A,53837,14279,False,1551391998,415B437F042D06EB9199F0FEEA92C326,73,280,False,1531076746,False,,,,,1122.0,0.08912655971479501,0.15775401069518716,0.015151515151515155,0.7629233511586454,4.0,0.0,0.0,0.0,0.25,0,0,0,0,2
101	18740	122	119	124	12473	117	30181	136	13646	100	187	10151	77674	10142	11345	10114	17734	119	119	119	11915	11345	13574	10105	14155	14942	10111	13086	19555	10142	23309	11436	37766	10114	77586	48521	119	102,,2F9433D0E49DFE51341DD0DDAC0AE363,,,,Quote,D3164C7FBCF2565DDF915B1B3AEFB1DC,1581303961,00F7E3C49E932C7ED4FB9BE52F9E64C9,669,515,False,1331940988,BF220F123F0179F42E7CDBE7FCD9033F,530,1122,False,1574270240,True,,,,,5.0,0.0,0.0,0.0,0.6,3.0,0.0,0.0,0.0,0.3333333333333333,0,0,0,0,1
101	12882	119	119	119	10105	12541	10550	10978	169	11795	10108	11426	11059	136	102,,6860EA23141CE430EBA5A2E22DFAE0EF,,,,Quote,D3164C7FBCF2565DDF915B1B3AEFB1DC,1581306071,7F30F12E58208DB154FFB9C4A9CE856E,1175676,4161,True,1183865438,E0332C132B81F0C39F0212EC2D0337D8,233,526,False,1235383291,False,,,,,2801.0,0.017136736879685827,0.08782577650838988,0.003927168868261334,0.4037843627275973,4.0,0.25,0.0,0.0,0.5,0,0,0,0,2
101	56898	137	25212	10147	131	12786	11517	192	137	16226	11733	91240	10161	11369	11942	119	11508	34062	119	119	108	12865	10738	10246	11090	11643	11565	101444	108	12786	11517	26900	11565	101444	108	12786	11517	108	20977	53570	108	12786	11517	168	20977	53570	108	16226	11733	91240	10161	11369	11942	176	100	102,BB0D2A95ADEBC18F503CDFAA600CF0B8	F1354442D8E0680A30D9E64F5C68FE64	6E273009920578B5614B5FE2DEA95E64	CEF8981488A76C359EB1BBC80E455E92	D853E8D8F2A590015578E519E2C858D6	6E76A8FAA8EE7D98C54A1BCFC26B26BD,4567DAC3D789C977DC32EA6BCDB8096B,,,,Retweet,D3164C7FBCF2565DDF915B1B3AEFB1DC,1581303952,AA260FDD02C19DFF894F8908645B1470,3373,264,False,1284021711,ABC96F2D9A0EBC8835A7FD6C84BA7DAD,54,77,False,1343622358,False,,,,1581452348.0,25.0,0.0,0.16,0.0,0.6,3.0,0.0,0.0,0.0,0.0,0,0,0,0,0
101	56898	137	21200	38025	32049	10161	11127	19503	131	48655	10230	10841	75877	48886	10162	10531	26905	10169	17247	10284	13221	10157	10111	10226	11365	10111	15362	11345	10226	20290	25253	10106	12990	10114	10347	106733	10112	100	102,,EB1897B87FB53B9DDB34EFEF865B011C,,,,Retweet,D3164C7FBCF2565DDF915B1B3AEFB1DC,1581305812,6ABD71D36340DCA067C3AD3EEB798DF1,2635,1826,False,1354176985,39D4C46CFB00E65A169549C771939546,312,153,False,1328633068,True,,,,1581308956.0,15.0,0.0,0.06666666666666668,0.0,0.3333333333333333,1.0,0.0,0.0,0.0,0.0,0,0,0,0,0
101	12811	16437	29846	12172	10472	10106	33848	11545	56282	10114	57611	112	187	46529	34713	10108	10105	10808	99649	10738	10160	10105	12136	11545	117	12415	75056	20316	112	187	14301	119	14120	131	120	120	188	119	11170	120	163	11703	10123	53166	10129	11127	10161	11447	11166	102,,EBFD6886C07189212FF0A9CE01F4C94F,,F38ADC3CC18ECD3A2BE5B47ED1C5A7D9,A898ECD422D0575A276A0D74CD01C867,TopLevel,D3164C7FBCF2565DDF915B1B3AEFB1DC,1581303805,2C9712029F909BCF61DB0C332458AF74,1242758,113,True,1324518652,729F5A6A05EB734CBD4DA5465D558643,465,1325,False,1316610903,False,,,,1581350461.0,8783.0,0.06341796652624387,0.20835705339861094,0.016964590686553573,0.4746669702835022,3.0,0.0,0.0,0.0,0.0,0,0,0,0,0
101	56898	137	26037	50937	11537	58802	131	31558	10160	10105	48545	10111	13028	11337	12888	12976	146	36110	119	10657	26665	10589	10393	169	20036	10380	93530	27937	87615	10454	119	102,,479BD75C4328F247FF2182548CEC6500,,,,Retweet,D3164C7FBCF2565DDF915B1B3AEFB1DC,1581306388,021A60012BDC15312A1DE47F1FD018CE,2240,4998,False,1242018987,1002A5F5BAEC7C3D3BAD969382D0BB39,10359,5634,False,1353606006,True,,,,,2.0,0.0,0.0,0.0,0.0,2.0,0.0,0.0,0.0,0.5,0,0,0,0,1
101	11248	13028	119	119	119	88237	13028	119	119	119	100	14120	131	120	120	188	119	11170	120	194	51960	12022	11481	10759	11403	11305	11369	102,,F0DFAEC07719C830F799B8966D5E81F7,Photo	Photo	Photo,,,TopLevel,D3164C7FBCF2565DDF915B1B3AEFB1DC,1581305694,79AEFEB05C291A9473D8B33D89372BF7,233669,1062,True,1430288238,38427B3483E7B7A5F34AA4D17B1F965B,65,967,False,1571790899,False,,,,1581313572.0,3394.0,0.010017678255745434,0.10813199764289924,0.004714201532115498,0.8644667059516794,3.0,0.0,0.0,0.0,0.0,0,0,0,0,0
101	56898	137	83086	14945	18043	10113	11517	10415	131	16582	18402	108	40070	42108	119	12685	13221	10722	17948	120	20564	14120	131	120	120	188	119	11170	120	170	11127	16299	11373	11090	10115	11211	12022	19282	102,B30119B4597271A50F4283A0735B6E81,4AA04C9528FFFF3BF3B75AEF9E4353DC,Photo	Photo,,,Retweet,D3164C7FBCF2565DDF915B1B3AEFB1DC,1581305582,50A6C9AF27A2D74404673EF85C4D8ED6,31238,637,False,1305824477,812680828AF0994C982CFBC7A925F721,26,263,False,1473618264,False,,,,,120.0,0.0,0.06666666666666668,0.016666666666666663,0.175,1.0,1.0,0.0,0.0,0.0,0,0,0,0,0
101	1729	16663	64178	11337	23595	18745	10114	10105	10523	10111	26794	169	16108	11222	22171	11011	119	10117	21110	10124	36304	10106	31063	11486	10111	16800	12504	10106	12939	11486	119	119	119	22701	118	138	51565	11406	137	153	11669	48798	10129	82272	11517	119	119	66655	118	124	120	125	119	119	11590	31035	118	100	120	100	14120	131	120	120	188	119	11170	120	139	10107	11517	10129	11517	15417	11259	13369	11281	102,,089710C7E1ACD8A44527D0BCA7EF57F8,Photo,,,TopLevel,D3164C7FBCF2565DDF915B1B3AEFB1DC,1581306773,C8129354A89BF598E8CE86DA876957C3,54900,4747,False,1413427510,B3F680EC88C20F92C9E83CA97548D6F9,11,307,False,1539497675,False,,1581317038.0,,,887.0,0.030439684329199537,0.06877113866967305,0.006764374295377677,0.7395715896279594,2.0,0.0,0.0,0.0,0.0,0,0,0,0,0
101	30325	131	31237	10301	13028	171	10908	10230	136	119	119	11589	131	57675	10943	10301	15127	54157	10108	30865	14120	131	120	120	188	119	11170	120	194	11565	10113	11779	11490	10454	11273	10112	10929	102,,9721EA713E7B9DFB9C8291495541F06B,GIF,,,TopLevel,D3164C7FBCF2565DDF915B1B3AEFB1DC,1581307106,18589B8E2F815249A344CB2CA7391F7D,417,68,False,1523560466,299CE648FD0FA4FC7E1BD558EEBBBF38,159,623,False,1531176925,False,,,,1581309106.0,7.0,0.0,0.0,0.0,0.7142857142857143,3.0,0.0,0.0,0.0,0.6666666666666666,0,0,0,0,2
101	14941	10107	14087	117	14907	13123	119	11065	21852	10105	17094	19503	119	119	119	11101	10105	57476	17544	119	119	32903	196	10777	88564	117	122	33062	21509	117	11178	32784	10107	119	105987	10230	19500	196	11176	88564	117	124	33062	88530	117	11178	32784	10107	119	122	118	124	14235	16680	196	10757	88564	117	125	33062	88530	117	11178	32784	10107	119	138	13051	13358	11130	10657	24665	196	11093	88564	117	123	33062	88530	117	11178	32784	10107	119	20567	10157	10798	10106	77586	66058	106	14120	131	120	120	188	119	11170	120	186	11273	11447	10729	11273	10759	11779	11373	83148	102,,CED3F9DC112ADCEBC27A670A3071AD1D,Photo	Photo,,,TopLevel,D3164C7FBCF2565DDF915B1B3AEFB1DC,1581307068,7AC3693E7F4DF516509BC5685CADD76A,212,140,False,1571279404,1856A369B14B8BF3D4221A38CD25D897,334,459,False,1567391443,True,,,,1581308585.0,4.0,0.25,0.25,0.0,1.0,11.0,0.0,0.09090909090909093,0.0,0.6363636363636364,0,1,0,0,7
101	30455	176	11717	12277	13028	21528	10114	36300	16719	17518	100	187	10105	10148	10451	23595	72812	184	10350	111	10392	10410	132	10105	41960	16406	10261	100	187	10135	102,,5A4B9DE1374B78678BC876F82D4E04C7,,,,TopLevel,D3164C7FBCF2565DDF915B1B3AEFB1DC,1581304578,FEAF7191DAA50C2A16BC7897727DBE6B,527,285,False,1512963432,6090419B9D78F110E9CE607B15DE0A4C,1651,432,False,1417197338,True,,,,,8.0,0.0,0.0,0.0,0.5,3.0,0.0,0.0,0.0,0.3333333333333333,0,0,0,0,0
101	56898	137	13483	11067	14273	131	48906	10114	189	10106	30360	177	10944	100	188	67004	119	102,,EBABF276EA458C0C09C781C2C04B87DF,,,,Retweet,D3164C7FBCF2565DDF915B1B3AEFB1DC,1581306663,B2A1FED006E446C7A1155DDA6F52697D,114,246,False,1546646416,97B10E0D7D018FAE1CF45063CE811D59,57,54,False,1541888176,False,,1581313041.0,,,,,,,,1.0,0.0,0.0,0.0,0.0,0,0,0,0,0
101	10747	10124	10105	20648	27521	10108	10105	26228	91724	10136	39797	10106	11098	10111	15437	112	187	10104	14139	26119	10376	20949	20780	119	14120	131	120	120	188	119	11170	120	70576	11166	10686	10884	10174	12674	15703	12396	102,,C577D5DF2499D6A0D23B86B6CE249CB5,Video,,,TopLevel,D3164C7FBCF2565DDF915B1B3AEFB1DC,1581303600,37733EEF32174BD2FBF684303989B213,964084,892,True,1373650809,67AEDA305F8248C7E9A7AF2C59F7044F,516,479,False,1255287492,False,,,,,2061.0,0.0033964095099466283,0.014070839398350316,0.001940805434255216,0.032508491023774864,3.0,0.0,0.0,0.0,0.3333333333333333,0,0,0,0,1
101	56898	137	28181	10157	11274	10415	76083	10123	131	11589	10160	10105	15148	11589	15306	11084	169	119	10108	23607	14064	10106	102,,5BA86AD85B1063A76646E73C54567F7C,,,,Retweet,D3164C7FBCF2565DDF915B1B3AEFB1DC,1581304953,8EE4934528FDF7BF68313FDDA017A894,377,192,False,1415532689,8782107E17071113C9BD2EBDC97B512D,712,738,False,1354261643,True,,,,,1.0,0.0,0.0,0.0,0.0,4.0,0.0,0.0,0.0,0.25,0,0,0,0,0
101	50177	10950	10751	45906	10188	32699	10115	12842	118	10104	118	15031	137	11364	10440	27008	10112	117	137	33100	13034	11542	10575	117	137	62541	35703	10107	20791	10111	137	76714	10598	10240	10135	10531	10751	28236	10188	137	11101	10731	13891	10107	119	14120	131	120	120	188	119	11170	120	172	11211	10686	92161	10686	13034	21799	11703	102,,ED830A3F83D7BF8F5FB0629E4E7FE4D8,,A908C605F411D67A4FED3665E1B87569,A898ECD422D0575A276A0D74CD01C867,TopLevel,D3164C7FBCF2565DDF915B1B3AEFB1DC,1581304148,86AFEDC003EB2E5D81D61F9C57EE4B28,681657,982,True,1202153617,E3D38A71D1DB6DFD4A0DE40E760AB1EF,269,343,False,1303851400,False,,,,,1206.0,0.001658374792703151,0.009950248756218905,0.0,0.07462686567164177,2.0,0.0,0.0,0.0,0.5,0,0,0,0,1
101	56898	137	22185	37135	51373	131	17160	169	16624	100	10134	11175	54214	56396	10114	10911	100	14120	131	120	120	188	119	11170	120	130	15417	11274	11273	10174	10738	10107	10738	12871	102,,DD3B6ABA84C1D84EAD0824FEDA666407,Photo,,,Retweet,D3164C7FBCF2565DDF915B1B3AEFB1DC,1581306756,ECDA382731407719CE69484AC0A74DA9,20201,638,True,1255812868,018AC6FF76C0B23814FE7873A55CB187,539,743,False,1227963279,False,,,,,42.0,0.023809523809523808,0.023809523809523808,0.0,0.19047619047619047,3.0,0.0,0.0,0.0,0.0,0,0,0,0,0
101	24781	10393	11149	10896	100	187	12935	39709	73491	10590	34875	11499	27008	10162	11764	78391	125	117	12976	10301	10689	32862	10114	10149	10169	10531	18577	107879	10738	11403	102,,A7C7C5EF830BC123FA79CF9F406FC01E,,,,TopLevel,D3164C7FBCF2565DDF915B1B3AEFB1DC,1581306579,4B6D76243E58308D22835EB7A1FC25D3,34227,998,False,1455813813,5ABDF5FB0197CCBF4A2EBC17E7F25B75,64,342,False,1527680859,False,,,,1581306861.0,2779.0,0.024109391867578267,0.0313062252608852,0.0007196833393306942,0.7448722562072686,11.0,0.09090909090909093,0.09090909090909093,0.09090909090909093,0.9090909090909092,0,1,0,0,10
101	14820	100	188	53542	136	11723	10124	26133	10978	10105	19573	10948	10186	131	11025	169	119	181	119	10111	127	169	119	181	119	10189	10944	13086	13028	14120	131	120	120	188	119	11170	120	12256	10138	11273	13034	13034	100254	10147	108	49619	14120	131	120	120	188	119	11170	120	151	11396	15417	10320	10240	11396	10759	14703	10477	102,C1D502ABCB5AA134F5864617FF9D20C8,599D40EDF8234BF3CB7CC73A3BBBB3E9,Photo,8A21959E6960252538929CAE4262A7A2,D35CAAEB349FD7E29F5C5A5C6B37CDD1,TopLevel,D3164C7FBCF2565DDF915B1B3AEFB1DC,1581305404,52A9DD021F5DAC823D03340A5822AFC8,89137,70540,False,1383342910,1B67A86D2F1CCC70E38AFDF52CCC9AE9,372,275,False,1345928628,True,,,,,218.0,0.004587155963302753,0.013761467889908254,0.0,0.09174311926605504,2.0,0.0,0.0,0.0,0.0,0,0,0,0,0
101	56898	137	52671	36535	10263	12953	131	27203	12150	16690	10393	17695	10226	20290	25253	11487	10188	10657	119	129	10114	10657	119	10413	10106	17598	10108	75877	117	10178	137	106583	12387	10858	32169	11335	119	119	119	10657	119	10413	157	119	16690	10124	170	100	102,,790CD71580D238A6DE04DD4D39A70B79,,,,Retweet,D3164C7FBCF2565DDF915B1B3AEFB1DC,1581304213,D77E9712500FCD97F6DAF99BEFFA118C,1925,1400,False,1326845786,69F59CD666DE7F7562957CC22AC38C74,1538,1030,False,1360037565,True,,,,,30.0,0.0,0.26666666666666666,0.06666666666666668,0.5,,,,,,0,0,0,0,0
101	12480	10240	43860	10249	131	11791	13028	38008	25444	37162	10288	24496	32650	14638	16376	90841	20550	112	187	11661	10155	37023	11149	65355	16724	12211	10550	136	59482	10216	17121	119	108	90841	10731	10230	10237	108	12480	10240	11274	35086	45389	108	25444	37162	10288	10731	73414	108	11149	65355	16724	11447	19503	108	31091	34567	10237	10731	13723	22444	119	14120	131	120	120	188	119	11170	120	169	11396	12396	11396	10759	10174	10929	12396	10686	19282	102,12D86E8C175179C474FB831D99215BA0	BB67E3D30479A50AB5F81AAEBFB3A06B	8909BADC0DCF6C0D75E5D34D81B7A3D6	4A94B63F392701654AA3B655F9ED0A87	F48E64FDA906249076A4F3248A0B16F9,E20AC125BDE592C35C62B39DAC1F66F9,,4DC151C8B70896D1148448846A2C8FF8,E3FB7756364013B3EBD14D313C6DDCA3,TopLevel,D3164C7FBCF2565DDF915B1B3AEFB1DC,1581306482,DAF5550EAF8B22535C7B0D103593BC93,662997,573,True,1290751902,87F552C3AF981FEA39FBDAC1C32A5B24,43,146,False,1436284697,False,,,,,825.0,0.01090909090909091,0.08242424242424244,0.004848484848484849,0.2545454545454545,5.0,0.0,0.0,0.0,0.2,0,0,0,0,1
101	141	60809	10237	13569	15562	10135	88939	119	119	119	13491	13028	11005	72453	10911	119	102,,83EF4526AE3E5B31BDAD1C3B60CA3E04,,,,TopLevel,D3164C7FBCF2565DDF915B1B3AEFB1DC,1581305624,77605DB7013306BA1FCA4BAEDDEAFC69,1727,498,False,1485242878,D4D6C3C0D7E40672DD02A53FCE48E3B7,131,109,False,1472446412,True,,,,1581307374.0,80.0,0.0125,0.062499999999999986,0.0,0.7124999999999999,16.0,0.0,0.0625,0.0,0.875,0,0,0,0,12
101	56898	137	49307	90772	10161	46983	100075	68560	11537	131	181	21181	14548	15127	16138	13028	100	11639	30918	48573	10454	28149	19308	23819	10271	100	113	99575	131	125	47855	93202	106	106	106	114	137	181	21181	14548	10147	28044	10350	102,,5EC1E3A12E6274AB026C4C1219B2FDE7,,,,Retweet,D3164C7FBCF2565DDF915B1B3AEFB1DC,1581303668,1426DB8CED8F9E8616C1B23AE45DC560,1531,946,False,1339726593,46BB060DA5A770BD1806F83E2AB52B5E,1718,675,False,1331856379,True,,,,,4.0,0.0,0.0,0.0,0.0,4.0,0.0,0.0,0.0,0.75,0,0,0,0,3
101	93700	23763	10689	10301	10105	14039	10108	11365	31313	119	43958	15165	13520	87349	10171	119	119	18421	18082	119	14561	10140	11624	10968	61005	10108	63879	10169	50803	14120	131	120	120	188	119	11170	120	173	10929	11779	11011	48275	10157	11273	10123	10738	102,,B37305E123796516CC3ECB82F50BB8EF,,4B88F227E1640ACFA3239E7055E2267D,8405A43A5DB3E450495AB2CB6C7CFB25,TopLevel,D3164C7FBCF2565DDF915B1B3AEFB1DC,1581304913,C86B87D06EC94C09CCB903A34FC7E3AB,198139,143531,False,1488923565,3EF6D3122D2D2A1CD1921820E0F296E6,546,585,False,1303484027,True,,,,1581311221.0,1236.0,0.05258899676375405,0.3300970873786408,0.028317152103559867,0.5105177993527508,12.0,0.0,0.3333333333333333,0.0,0.9166666666666666,0,0,0,0,11
101	17712	10108	10105	11661	131	59656	100	17223	118	17719	10142	100	108	10747	11281	10107	11273	11008	11537	11809	108	17144	10107	11447	10133	11779	10858	12022	14120	131	120	120	188	119	11170	120	152	10116	11166	10305	11166	19282	14703	10738	12396	11447	102,44EA57575D4833495BFA26616C6DC368	416CCA9C514E25C0B80F92E73CFB157F,F807F947EC00E932BA9253ED27EC37C7,Video,,,TopLevel,D3164C7FBCF2565DDF915B1B3AEFB1DC,1581305187,25926CC33BCC5A17937492D5DF081042,20701,215,True,1426859316,4FCF0DB35D5CF7F530BC15DA724F7959,4775,291,False,1302920228,True,,,,,124.0,0.008064516129032258,0.0967741935483871,0.016129032258064516,0.4677419354838709,2.0,0.0,0.0,0.0,0.5,0,0,0,0,1
101	56898	137	81582	17514	14206	10115	11373	11166	131	14504	54609	91556	11580	10901	11836	16265	10135	59128	93270	10161	12136	11545	76020	10486	131	112	146	11791	110778	10377	112	14120	131	120	120	188	119	11170	120	69287	10738	10123	54998	10350	11127	11166	11011	102,,C5AA7A4B1F03670DE04769B882C3FAE8,,8668AF7BFB0916C42D7003948FACAAEA,3D31967ED9854822AB8B7D91D3B69D9F,Retweet,D3164C7FBCF2565DDF915B1B3AEFB1DC,1581307138,D3B757F1E635C5D59FE89452C210EF20,38030,35164,False,1499709140,66EA181D162A4B8A6BD382248432B20D,17754,17936,False,1402062601,True,,,,,126.0,0.06349206349206349,0.1507936507936508,0.0,0.6904761904761905,8.0,0.0,0.5,0.0,0.625,0,0,0,0,5
101	102204	10874	119	16040	10106	11440	136	146	10392	21005	119	10747	10124	101701	10112	119	146	10392	48201	43961	15711	102,,AB848E08E3F163B8C33AE0D1F6F7CFBA,,,,Quote,D3164C7FBCF2565DDF915B1B3AEFB1DC,1581305252,36E422C64CECFD5565B513211690C97E,1270,640,False,1341069930,5FE81DEA254A04A5C0D8BB8D47F36CE1,390,662,False,1471118657,True,,,,1581362940.0,4.0,0.0,0.0,0.0,0.5,5.0,0.2,0.2,0.0,0.8,0,0,0,0,4
101	56898	137	10144	21214	38666	13420	131	169	19808	10940	193	100	10435	11408	10135	20442	57667	10123	10473	12647	13086	10635	10142	11948	10684	111	175	10123	132	111	175	10123	132	111	175	10123	132	102,,ABDFE06EF0D2763BA10B524013A448E3,,,,Retweet,D3164C7FBCF2565DDF915B1B3AEFB1DC,1581304066,94B9912B1174FB2DFE3779327E8B2493,3348,763,False,1369417822,5902E59629ACA80501DBD834F2655274,46,120,False,1389932731,False,,,,,17.0,0.0,0.2352941176470588,0.0,0.17647058823529413,1.0,0.0,0.0,0.0,1.0,0,0,0,0,1
101	56898	137	51822	12396	14752	10107	11011	131	11590	11070	30066	10169	137	170	10457	82678	12675	10240	10111	137	44297	11127	11142	85771	10858	10188	10105	10684	16903	119	11590	16745	100	20562	10151	19099	117	10111	11951	15972	10105	10414	10240	100	102,,F1F00A405578CFBF6A979F65A4D699B8,,,,Retweet,D3164C7FBCF2565DDF915B1B3AEFB1DC,1581307008,AAF85A123C9BB2BCF8424ED076A8025D,111101,2394,False,1424278050,86C9E6BE5F49D81E0848A35E2F5344D0,62,563,False,1564501926,False,,,,,380.0,0.002631578947368421,0.09473684210526316,0.00263157894736842,0.3210526315789473,5.0,0.0,0.0,0.0,0.2,0,0,0,0,1
101	10117	10817	10189	47264	10284	10491	109	10757	117	10259	43509	10108	10144	20706	10908	10188	15101	146	66005	10115	10393	21031	14764	10106	131	14120	131	120	120	188	119	11170	120	10167	10729	10147	11211	75282	10686	11011	11517	14120	131	120	120	188	119	11170	120	65589	10575	55032	10240	11396	10457	11281	10133	102,,2573DF4664A2B4FCBD53917A9F4003E0,Photo,82F2541218174BD63D6D0FF3379E2296,B29FD90018FAACB44C16E56C4B6CEC0C,TopLevel,D3164C7FBCF2565DDF915B1B3AEFB1DC,1581304545,0FD730D55329B826889BDDCDC7279B1F,2051009,728,True,1200666879,20F5DE932FDC7C800C8D7024ECBCF1CA,74,496,False,1534586628,False,,,,,22675.0,0.011157662624035284,0.09459757442116873,0.01420066152149945,0.4706945975744212,3.0,0.0,0.3333333333333333,0.0,0.3333333333333333,0,0,0,0,1
101	56898	137	168	103502	62801	10107	131	146	10134	10472	39837	119	102,,98433E925390CE52C5D21F81EC2B6155,,,,Retweet,D3164C7FBCF2565DDF915B1B3AEFB1DC,1581306877,BE46EA93E0C86633CF852175D0942C4D,1440,1388,False,1354121622,4626F23C29E6C5A941D6BBA3E0944FAF,208,153,False,1456618545,True,,,,,25.0,0.0,0.04,0.0,0.76,7.0,0.0,0.0,0.0,0.7142857142857143,0,0,0,0,5
101	48719	13167	10169	169	34497	118	13375	10108	12127	12717	14120	131	120	120	188	119	11170	120	125	10731	11211	10174	11517	19282	10157	11403	10245	102,,C3D6B0DF96820486F06D3305D88EA414,Photo,,,TopLevel,D3164C7FBCF2565DDF915B1B3AEFB1DC,1581304021,E9515C5F11352BF20727CA000DFBF937,385095,0,False,1396736389,4995F08A5094E01A385B3534BA9EB601,6,41,False,1515444140,False,,,,,580.0,0.012068965517241377,0.08103448275862069,0.006896551724137931,0.4551724137931034,1.0,0.0,0.0,0.0,1.0,0,0,0,0,1
101	10167	15127	11204	10855	10108	56309	37455	10376	13255	117	169	23626	13663	109898	10134	11552	169	100	56044	20648	11233	119	100	102,,91AB1725AB7FD8A7F4CEF19D569B4B6F,,,,Quote,D3164C7FBCF2565DDF915B1B3AEFB1DC,1581306613,CB7E184BF48231C339096C48D6F88F5D,157723,1636,True,1327505324,1AC95AF4B01CC4A35586750D6CD71544,418,455,False,1286740432,False,,1581307377.0,,,871.0,0.00574052812858783,0.07462686567164177,0.002296211251435132,0.3272101033295064,12.0,0.0,0.6666666666666666,0.08333333333333333,0.75,0,0,0,0,12
101	56898	137	56618	10162	11090	11643	11565	40088	10162	131	146	38008	11850	146	100	181	18559	118	163	10841	146	100	181	10950	119	10357	59232	12820	10347	34279	100	102,,E97180854B54314D1131C1923DCFDB82,,,,Retweet,D3164C7FBCF2565DDF915B1B3AEFB1DC,1581306203,D72BA009E426000BFCB71D29635EDE69,1654,1449,False,1407291475,8EDEAB79C92E584679A2D675367345C2,668,191,False,1436631955,True,,,,1581307278.0,12.0,0.0,0.4166666666666667,0.0,0.4166666666666667,5.0,0.0,0.0,0.0,0.8,0,0,0,0,4
101	56898	137	11583	10972	11733	13005	131	11590	46912	10147	62052	10142	10911	10135	10105	11170	20591	10160	124	169	119	181	119	10662	146	12415	146	112	172	10347	11816	10155	15607	45217	108	11583	10972	11733	13005	14120	131	120	120	188	119	11170	120	149	11211	10162	11127	11274	11259	11703	11127	10237	11733	102,792E6990BA8176B3177A278C751159F2,090ACB65BD60AFBE7B194EE2A7DE0A0C,GIF,,,Retweet,D3164C7FBCF2565DDF915B1B3AEFB1DC,1581306486,79C71DE24AEFCBF245D78D301934677F,15773553,31541,True,1173479449,4D934E110232B01542C985EB11834123,76,376,False,1483920623,False,,,,,16769.0,0.003160593953127796,0.03715188741129465,0.0032798616494722405,0.24759973761106802,1.0,0.0,0.0,0.0,0.0,0,0,0,0,0
101	10747	10105	19737	18603	11951	23794	100	113	11406	137	23077	58885	11274	11166	114	14120	131	120	120	188	119	11170	120	183	100673	13966	10731	11396	19951	10240	10731	102,,F91BE84EC68DD1C7B5B7DD242B483177,Video,,,TopLevel,D3164C7FBCF2565DDF915B1B3AEFB1DC,1581305443,7C33C6C946A19F9DE149517FDE6796F6,454820,40270,True,1392830802,C67257EA61B7F64A0E15D0EED98D5DB8,300,369,False,1454213083,True,,,,,8382.0,0.003340491529467908,0.11298019565736102,0.00775471247912193,0.5906704843712717,6.0,0.0,0.0,0.0,0.6666666666666666,0,0,0,0,3
